open_timestamp_utc,close_timestamp_utc,open,high,low,close,volume
1510617600,1510703999,0.67279000,1.08000000,0.67279000,0.81120000,346.58500000
1510704000,1510790399,0.81120000,0.89690000,0.80500000,0.88099000,215.83700000
1510790400,1510876799,0.84444000,0.99990000,0.84444000,0.87912000,429.93100000
1510876800,1510963199,0.87911000,0.91100000,0.85103000,0.87323000,141.43100000
1510963200,1511049599,0.87365000,0.90988000,0.85494000,0.86000000,405.29700000
1511049600,1511135999,0.85687000,0.87698000,0.76923000,0.83990000,126.87200000
1511136000,1511222399,0.84843000,0.85953000,0.81508000,0.82000000,162.06600000
1511222400,1511308799,0.82352000,0.83673000,0.76352000,0.78997000,199.48100000
1511308800,1511395199,0.81895000,0.88999000,0.78911000,0.84125000,351.07800000
1511395200,1511481599,0.83650000,0.88468000,0.75000000,0.76700000,270.05100000
1511481600,1511567999,0.76798000,0.82136000,0.68292000,0.74037000,733.34500000
1511568000,1511654399,0.74112000,0.79999000,0.72434000,0.73955000,461.03100000
1511654400,1511740799,0.74124000,0.76800000,0.70713000,0.71719000,749.26700000
1511740800,1511827199,0.71997000,0.73993000,0.68800000,0.72433000,338.87800000
1511827200,1511913599,0.73165000,0.79197000,0.72154000,0.79133000,1169.33100000
1511913600,1511999999,0.79133000,0.80000000,0.68363000,0.73260000,1296.08600000
1512000000,1512086399,0.71756000,0.74047000,0.65201000,0.68945000,1068.50100000
1512086400,1512172799,0.69084000,0.74047000,0.67559000,0.72791000,306.89800000
1512172800,1512259199,0.72643000,0.74000000,0.68942000,0.70899000,295.72200000
1512259200,1512345599,0.70900000,0.72281000,0.68399000,0.69001000,563.39600000
1512345600,1512431999,0.69992000,0.71400000,0.69000000,0.69560000,368.82800000
1512432000,1512518399,0.69614000,0.72000000,0.68000000,0.70284000,1268.67600000
1512518400,1512604799,0.70622000,0.79999000,0.69600000,0.77144000,2008.94500000
1512604800,1512691199,0.77000000,0.78000000,0.69010000,0.70228000,2015.39500000
1512691200,1512777599,0.70600000,0.75700000,0.69010000,0.71992000,966.89000000
1512777600,1512863999,0.71992000,0.74399000,0.65000000,0.66050000,1218.45100000
1512864000,1512950399,0.66260000,0.72986000,0.64596000,0.65562000,711.99900000
1512950400,1513036799,0.65652000,0.69878000,0.60410000,0.62007000,754.27900000
1513036800,1513123199,0.61582000,0.66499000,0.54023000,0.57000000,1318.40400000
1513123200,1513209599,0.57729000,0.65058000,0.55608000,0.59100000,1721.38300000
1513209600,1513295999,0.59895000,0.81500000,0.57800000,0.74387000,3332.19200000
1513296000,1513382399,0.74382000,0.75327000,0.65009000,0.69928000,1065.37800000
1513382400,1513468799,0.69554000,0.72000000,0.66142000,0.68099000,1092.40400000
1513468800,1513555199,0.68000000,0.77000000,0.66000000,0.74500000,1661.35200000
1513555200,1513641599,0.74863000,0.79610000,0.70000000,0.74455000,1648.10600000
1513641600,1513727999,0.74454000,0.76194000,0.66017000,0.74297000,2100.51600000
1513728000,1513814399,0.74296000,0.89699000,0.72001000,0.85675000,3865.14700000
1513814400,1513900799,0.85688000,0.91200000,0.79212000,0.82310000,3204.33700000
1513900800,1513987199,0.82316000,0.84969000,0.70588000,0.76383000,2882.19700000
1513987200,1514073599,0.76383000,0.82989000,0.75518000,0.77957000,1577.95600000
1514073600,1514159999,0.78589000,0.82000000,0.73000000,0.80000000,1993.59100000
1514160000,1514246399,0.79998000,0.80000000,0.71000000,0.72400000,1218.55400000
1514246400,1514332799,0.72400000,0.74000000,0.70000000,0.73589000,807.32000000
1514332800,1514419199,0.72420000,0.74348000,0.69000000,0.69813000,763.23800000
1514419200,1514505599,0.69813000,0.72199000,0.65014000,0.67499000,1382.85300000
1514505600,1514591999,0.66783000,0.74349000,0.59795000,0.70484000,1863.04200000
1514592000,1514678399,0.70483000,0.70483000,0.62005000,0.64644000,1264.79700000
1514678400,1514764799,0.64644000,0.68440000,0.63072000,0.64042000,1052.06500000
1514764800,1514851199,0.64597000,0.73000000,0.62737000,0.68476000,2062.59100000
1514851200,1514937599,0.68359000,0.69510000,0.60100000,0.63984000,2119.72200000
1514937600,1515023999,0.63984000,0.64650000,0.56503000,0.59317000,1558.11500000
1515024000,1515110399,0.59114000,0.60251000,0.46800000,0.57000000,2939.85400000
1515110400,1515196799,0.57000000,0.58081000,0.47970000,0.56189000,3070.60900000
1515196800,1515283199,0.56274000,0.66185000,0.53952000,0.65713000,3327.86200000
1515283200,1515369599,0.65713000,0.73998000,0.63002000,0.66789000,6149.25100000
1515369600,1515455999,0.67337000,0.68741000,0.56904000,0.60310000,4014.58900000
1515456000,1515542399,0.60310000,0.62495000,0.49101000,0.50661000,3031.23000000
1515542400,1515628799,0.51478000,0.59990000,0.46001000,0.57006000,4667.91500000
1515628800,1515715199,0.57000000,0.79490000,0.50000000,0.56002000,3318.17900000
1515715200,1515801599,0.56029000,0.82000000,0.52389000,0.55064000,3075.90900000
1515801600,1515887999,0.55090000,0.56031000,0.48037000,0.50118000,2431.42300000
1515888000,1515974399,0.50130000,0.52758000,0.48517000,0.48701000,1825.24800000
1515974400,1516060799,0.48701000,0.53000000,0.44000000,0.48661000,1849.92100000
1516060800,1516147199,0.48660000,0.56297000,0.46348000,0.48676000,4777.19700000
1516147200,1516233599,0.48684000,0.53630000,0.46565000,0.49490000,2991.86800000
1516233600,1516319999,0.49505000,0.51998000,0.47500000,0.47777000,1936.62800000
1516320000,1516406399,0.47777000,0.52497000,0.47200000,0.50408000,2202.87600000
1516406400,1516492799,0.50410000,0.50970000,0.47520000,0.48429000,1583.43500000
1516492800,1516579199,0.48433000,0.49000000,0.45214000,0.46500000,1276.97700000
1516579200,1516665599,0.46500000,0.47101000,0.43009000,0.44628000,1129.14600000
1516665600,1516751999,0.44628000,0.46541000,0.43431000,0.44832000,959.34900000
1516752000,1516838399,0.44832000,0.45704000,0.42670000,0.42698000,1881.83700000
1516838400,1516924799,0.42975000,0.44896000,0.42014000,0.44886000,1431.45100000
1516924800,1517011199,0.44886000,0.46671000,0.42239000,0.43303000,1586.03600000
1517011200,1517097599,0.43303000,0.43491000,0.40503000,0.41061000,1037.40900000
1517097600,1517183999,0.40679000,0.40999000,0.37202000,0.38100000,1139.61000000
1517184000,1517270399,0.38100000,0.38899000,0.37521000,0.37970000,879.86000000
1517270400,1517356799,0.38246000,0.38280000,0.30100000,0.35942000,2900.91500000
1517356800,1517443199,0.35613000,0.36672000,0.32100000,0.35724000,2323.38600000
1517443200,1517529599,0.35724000,0.40499000,0.32215000,0.38817000,7701.75900000
1517529600,1517615999,0.38814000,0.43155000,0.36803000,0.41799000,8569.09500000
1517616000,1517702399,0.41962000,0.41969000,0.39221000,0.40008000,2126.57600000
1517702400,1517788799,0.40030000,0.41900000,0.40000000,0.41435000,1796.25600000
1517788800,1517875199,0.41491000,0.44486000,0.40081000,0.43558000,2736.99400000
1517875200,1517961599,0.43386000,0.49449000,0.42827000,0.46881000,6815.51500000
1517961600,1518047999,0.46980000,0.47744000,0.44003000,0.46677000,2231.74500000
1518048000,1518134399,0.46677000,0.48696000,0.46675000,0.46787000,96.11200000
1518134400,1518220799,0.47838000,0.54793000,0.46829000,0.53820000,2550.55200000
1518220800,1518307199,0.53800000,0.59050000,0.52736000,0.56474000,3503.26900000
1518307200,1518393599,0.56467000,0.56528000,0.51839000,0.53384000,2929.56400000
1518393600,1518479999,0.53386000,0.55648000,0.52255000,0.53285000,1087.66700000
1518480000,1518566399,0.53064000,0.54000000,0.51751000,0.53040000,1338.43000000
1518566400,1518652799,0.52707000,0.54094000,0.51502000,0.52679000,2053.10400000
1518652800,1518739199,0.52347000,0.52747000,0.49473000,0.51599000,1624.33800000
1518739200,1518825599,0.51960000,0.52840000,0.49839000,0.51044000,1277.65700000
1518825600,1518911999,0.51044000,0.51312000,0.49800000,0.50119000,961.03000000
1518912000,1518998399,0.50259000,0.50653000,0.48002000,0.48994000,1088.69300000
1518998400,1519084799,0.48981000,0.51600000,0.47600000,0.50078000,1818.58800000
1519084800,1519171199,0.50272000,0.51161000,0.48302000,0.48979000,1171.01600000
1519171200,1519257599,0.48979000,0.52000000,0.47234000,0.50704000,2381.93500000
1519257600,1519343999,0.50667000,0.51531000,0.48201000,0.48795000,1120.80800000
1519344000,1519430399,0.49089000,0.49090000,0.45731000,0.48609000,1179.24800000
1519430400,1519516799,0.48268000,0.48650000,0.45673000,0.46755000,806.80300000
1519516800,1519603199,0.46755000,0.47622000,0.45754000,0.46202000,545.73100000
1519603200,1519689599,0.46525000,0.47835000,0.45400000,0.46695000,3102.36000000
1519689600,1519775999,0.46400000,0.47500000,0.45570000,0.46509000,2649.69200000
1519776000,1519862399,0.46509000,0.47274000,0.44428000,0.44438000,1215.03700000
1519862400,1519948799,0.44693000,0.46094000,0.44400000,0.45785000,753.85200000
1519948800,1520035199,0.46074000,0.46339000,0.43627000,0.45121000,899.20800000
1520035200,1520121599,0.45115000,0.47101000,0.43536000,0.45200000,1028.27500000
1520121600,1520207999,0.44911000,0.47435000,0.44400000,0.47113000,731.72600000
1520208000,1520294399,0.47429000,0.47429000,0.45602000,0.45958000,731.41600000
1520294400,1520380799,0.45958000,0.47400000,0.45024000,0.47149000,819.40000000
1520380800,1520467199,0.47149000,0.47856000,0.45221000,0.45977000,1827.71700000
1520467200,1520553599,0.46119000,0.46119000,0.44310000,0.44913000,864.33700000
1520553600,1520639999,0.45147000,0.45333000,0.41700000,0.42528000,2099.15400000
1520640000,1520726399,0.42379000,0.43311000,0.41500000,0.41753000,671.92100000
1520726400,1520812799,0.41774000,0.44000000,0.40802000,0.42401000,976.15900000
1520812800,1520899199,0.42505000,0.42912000,0.40276000,0.41435000,1033.65200000
1520899200,1520985599,0.41436000,0.42634000,0.40577000,0.40936000,760.53100000
1520985600,1521071999,0.40931000,0.42508000,0.40200000,0.40650000,1100.72900000
1521072000,1521158399,0.40620000,0.41105000,0.39501000,0.39877000,1031.46400000
1521158400,1521244799,0.39677000,0.40000000,0.38658000,0.39257000,908.59100000
1521244800,1521331199,0.39122000,0.39899000,0.38226000,0.39555000,747.74800000
1521331200,1521417599,0.39603000,0.45945000,0.39542000,0.45248000,4804.19800000
1521417600,1521503999,0.45248000,0.46200000,0.43247000,0.45670000,3128.48800000
1521504000,1521590399,0.45487000,0.47628000,0.44731000,0.46401000,1129.71400000
1521590400,1521676799,0.46581000,0.48195000,0.45587000,0.46169000,1316.95500000
1521676800,1521763199,0.46169000,0.47243000,0.44631000,0.46315000,1174.81900000
1521763200,1521849599,0.46315000,0.48187000,0.44162000,0.47728000,2701.72500000
1521849600,1521935999,0.47457000,0.47855000,0.45820000,0.46173000,2573.23700000
1521936000,1522022399,0.45961000,0.46641000,0.45100000,0.45734000,575.53500000
1522022400,1522108799,0.45713000,0.46861000,0.44640000,0.46131000,1042.83800000
1522108800,1522195199,0.45988000,0.48800000,0.45404000,0.48036000,1701.72500000
1522195200,1522281599,0.48166000,0.48608000,0.46561000,0.47145000,922.44600000
1522281600,1522367999,0.47300000,0.49689000,0.46777000,0.48529000,1547.37700000
1522368000,1522454399,0.48531000,0.50300000,0.47000000,0.48204000,1279.71000000
1522454400,1522540799,0.48069000,0.48443000,0.46681000,0.46713000,589.93300000
1522540800,1522627199,0.46812000,0.49169000,0.46564000,0.48245000,537.24900000
1522627200,1522713599,0.47969000,0.51500000,0.47969000,0.50164000,1010.34800000
1522713600,1522799999,0.50087000,0.52000000,0.49201000,0.49809000,1167.16000000
1522800000,1522886399,0.49770000,0.50211000,0.47830000,0.48203000,1374.55500000
1522886400,1522972799,0.47929000,0.48655000,0.47215000,0.47900000,623.09600000
1522972800,1523059199,0.47696000,0.48390000,0.47024000,0.47068000,356.14100000
1523059200,1523145599,0.47067000,0.47584000,0.46210000,0.47046000,680.00300000
1523145600,1523231999,0.46900000,0.49000000,0.45048000,0.45582000,749.42600000
1523232000,1523318399,0.45624000,0.46000000,0.43511000,0.44410000,582.64000000
1523318400,1523404799,0.44429000,0.44900000,0.42910000,0.43360000,453.54300000
1523404800,1523491199,0.43360000,0.44400000,0.42548000,0.42795000,1034.67100000
1523491200,1523577599,0.42642000,0.46980000,0.42549000,0.43810000,5668.27500000
1523577600,1523663999,0.43853000,0.47400000,0.41954000,0.46682000,3151.91400000
1523664000,1523750399,0.46292000,0.47642000,0.43101000,0.44059000,958.81700000
1523750400,1523836799,0.44040000,0.44856000,0.43194000,0.43456000,612.16200000
1523836800,1523923199,0.43683000,0.44471000,0.43022000,0.44040000,692.53100000
1523923200,1524009599,0.44044000,0.44504000,0.43285000,0.44145000,801.69800000
1524009600,1524095999,0.44078000,0.48800000,0.43928000,0.47209000,2164.99600000
1524096000,1524182399,0.47065000,0.49000000,0.45300000,0.46347000,3567.79800000
1524182400,1524268799,0.46306000,0.49000000,0.44601000,0.46369000,2264.02800000
1524268800,1524355199,0.45818000,0.47499000,0.43080000,0.44616000,1682.21900000
1524355200,1524441599,0.44483000,0.48000000,0.42500000,0.43620000,4855.28200000
1524441600,1524527999,0.43633000,0.46603000,0.42300000,0.46569000,2437.24500000
1524528000,1524614399,0.46292000,0.46700000,0.38100000,0.44750000,2487.43900000
1524614400,1524700799,0.44805000,0.47499000,0.42934000,0.46158000,2213.56400000
1524700800,1524787199,0.46033000,0.46432000,0.44167000,0.45781000,890.99000000
1524787200,1524873599,0.45854000,0.46000000,0.43103000,0.43717000,827.75200000
1524873600,1524959999,0.43935000,0.43937000,0.42244000,0.43357000,1006.37500000
1524960000,1525046399,0.43207000,0.43724000,0.41767000,0.42689000,1135.86900000
1525046400,1525132799,0.42482000,0.43205000,0.41063000,0.42518000,1076.93400000
1525132800,1525219199,0.42464000,0.43892000,0.41690000,0.43303000,2848.02400000
1525219200,1525305599,0.43204000,0.43265000,0.42034000,0.42638000,897.74800000
1525305600,1525391999,0.42695000,0.42851000,0.39094000,0.39295000,2888.45100000
1525392000,1525478399,0.39548000,0.39843000,0.37300000,0.37598000,1936.64300000
1525478400,1525564799,0.37598000,0.38166000,0.37060000,0.37472000,2778.53100000
1525564800,1525651199,0.37569000,0.38441000,0.36680000,0.36752000,1207.29400000
1525651200,1525737599,0.36871000,0.39102000,0.36461000,0.37105000,1637.92100000
1525737600,1525823999,0.37321000,0.38450000,0.36410000,0.36636000,2225.92500000
1525824000,1525910399,0.36570000,0.37346000,0.36340000,0.36741000,1143.88400000
1525910400,1525996799,0.36611000,0.38000000,0.36060000,0.36121000,1692.28700000
1525996800,1526083199,0.36122000,0.36343000,0.34701000,0.35033000,1657.04700000
1526083200,1526169599,0.35033000,0.37500000,0.34930000,0.35949000,637.37900000
1526169600,1526255999,0.35772000,0.36291000,0.34680000,0.35668000,990.96400000
1526256000,1526342399,0.35659000,0.55000000,0.34745000,0.42829000,20936.22400000
1526342400,1526428799,0.42829000,0.53594000,0.42258000,0.49865000,30601.27800000
1526428800,1526515199,0.49956000,0.54498000,0.47270000,0.51919000,17410.55700000
1526515200,1526601599,0.51790000,0.51893000,0.46424000,0.46864000,6751.83100000
1526601600,1526687999,0.46900000,0.53700000,0.45698000,0.51740000,14322.91000000
1526688000,1526774399,0.51730000,0.54859000,0.49015000,0.49409000,6668.76000000
1526774400,1526860799,0.49465000,0.51251000,0.47074000,0.49043000,5098.58400000
1526860800,1526947199,0.49056000,0.49728000,0.46535000,0.46903000,2978.06700000
1526947200,1527033599,0.46926000,0.50947000,0.46101000,0.48504000,6586.31500000
1527033600,1527119999,0.48505000,0.53000000,0.48308000,0.49456000,7796.87400000
1527120000,1527206399,0.49237000,0.50720000,0.47279000,0.49073000,2992.36400000
1527206400,1527292799,0.48959000,0.49756000,0.46549000,0.48095000,1517.25000000
1527292800,1527379199,0.48102000,0.48232000,0.45800000,0.46255000,1306.37600000
1527379200,1527465599,0.46030000,0.46632000,0.44984000,0.45728000,1119.30300000
1527465600,1527551999,0.45702000,0.48600000,0.42724000,0.44584000,3931.97700000
1527552000,1527638399,0.44501000,0.47310000,0.42001000,0.43611000,3404.01100000
1527638400,1527724799,0.43421000,0.44790000,0.42578000,0.43206000,1542.87500000
1527724800,1527811199,0.43074000,0.43274000,0.41000000,0.41580000,1543.07900000
1527811200,1527897599,0.41580000,0.42148000,0.40411000,0.41215000,1076.40200000
1527897600,1527983999,0.41174000,0.43300000,0.40910000,0.42227000,1408.24800000
1527984000,1528070399,0.42238000,0.42604000,0.40768000,0.40901000,1420.36500000
1528070400,1528156799,0.41007000,0.41007000,0.39445000,0.39588000,965.92600000
1528156800,1528243199,0.39588000,0.40013000,0.38549000,0.39105000,1209.78800000
1528243200,1528329599,0.39105000,0.39370000,0.38070000,0.38805000,565.38100000
1528329600,1528415999,0.38850000,0.39597000,0.38253000,0.39275000,680.98500000
1528416000,1528502399,0.39203000,0.39495000,0.38520000,0.39246000,716.27500000
1528502400,1528588799,0.39336000,0.39550000,0.38520000,0.38744000,769.07900000
1528588800,1528675199,0.38763000,0.40011000,0.37500000,0.38027000,2077.21000000
1528675200,1528761599,0.37930000,0.39651000,0.36795000,0.38431000,1149.26800000
1528761600,1528847999,0.38566000,0.40060000,0.38189000,0.38978000,1573.88200000
1528848000,1528934399,0.38964000,0.40470000,0.38190000,0.38359000,2169.54400000
1528934400,1529020799,0.38300000,0.41308000,0.38000000,0.38164000,1320.21000000
1529020800,1529107199,0.38164000,0.40000000,0.37311000,0.39505000,977.80600000
1529107200,1529193599,0.39507000,0.39600000,0.37910000,0.38291000,453.02900000
1529193600,1529279999,0.38320000,0.38350000,0.37220000,0.37358000,408.85800000
1529280000,1529366399,0.37358000,0.39200000,0.36710000,0.37870000,662.53600000
1529366400,1529452799,0.38023000,0.38112000,0.36143000,0.36908000,795.19400000
1529452800,1529539199,0.36908000,0.37363000,0.36018000,0.36261000,766.38300000
1529539200,1529625599,0.36152000,0.36630000,0.35850000,0.36149000,546.00400000
1529625600,1529711999,0.36149000,0.37436000,0.35505000,0.36220000,1056.15700000
1529712000,1529798399,0.36212000,0.36231000,0.35131000,0.35865000,409.12900000
1529798400,1529884799,0.35865000,0.36951000,0.34790000,0.36491000,1082.06100000
1529884800,1529971199,0.36331000,0.38916000,0.35452000,0.38278000,1121.32700000
1529971200,1530057599,0.38283000,0.38804000,0.36870000,0.37487000,504.78000000
1530057600,1530143999,0.37402000,0.38500000,0.36488000,0.38194000,999.76700000
1530144000,1530230399,0.38184000,0.38184000,0.36164000,0.36611000,645.57500000
1530230400,1530316799,0.36552000,0.38388000,0.36248000,0.37481000,465.48000000
1530316800,1530403199,0.37312000,0.38639000,0.36630000,0.37511000,1092.70300000
1530403200,1530489599,0.37511000,0.38207000,0.37350000,0.37751000,823.12300000
1530489600,1530575999,0.37756000,0.40010000,0.36900000,0.38698000,1738.84400000
1530576000,1530662399,0.38698000,0.40937000,0.38499000,0.38660000,1333.66700000
1530662400,1530748799,0.38680000,0.39494000,0.38063000,0.38820000,673.90000000
1530748800,1530835199,0.38836000,0.39217000,0.37200000,0.37442000,739.75600000
1530835200,1530921599,0.37330000,0.37900000,0.36085000,0.37476000,516.84800000
1530921600,1531007999,0.37463000,0.37576000,0.36000000,0.36000000,1062.78000000
1531008000,1531094399,0.36000000,0.36288000,0.35565000,0.35728000,481.27000000
1531094400,1531180799,0.35587000,0.36046000,0.35193000,0.35436000,457.25700000
1531180800,1531267199,0.35480000,0.37050000,0.35000000,0.36871000,1193.41800000
1531267200,1531353599,0.36900000,0.37056000,0.35407000,0.35504000,693.55500000
1531353600,1531439999,0.35534000,0.35973000,0.34951000,0.35839000,503.33800000
1531440000,1531526399,0.35802000,0.44495000,0.35170000,0.40650000,3314.05700000
1531526400,1531612799,0.40626000,0.41498000,0.39181000,0.39992000,3000.80700000
1531612800,1531699199,0.39992000,0.40381000,0.38533000,0.38824000,2359.99500000
1531699200,1531785599,0.38765000,0.39858000,0.37557000,0.39298000,1453.94700000
1531785600,1531871999,0.39300000,0.42271000,0.38374000,0.42147000,2558.03700000
1531872000,1531958399,0.42100000,0.44633000,0.42061000,0.43758000,4759.58300000
1531958400,1532044799,0.43770000,0.44749000,0.42497000,0.42979000,1323.11300000
1532044800,1532131199,0.42819000,0.43048000,0.39568000,0.40622000,1513.78500000
1532131200,1532217599,0.40719000,0.41368000,0.39161000,0.40770000,1199.55200000
1532217600,1532303999,0.40939000,0.42785000,0.39649000,0.41438000,1212.07600000
1532304000,1532390399,0.41284000,0.48000000,0.39610000,0.42222000,6076.23500000
1532390400,1532476799,0.42224000,0.47273000,0.41878000,0.46898000,3078.94600000
1532476800,1532563199,0.46693000,0.47267000,0.44530000,0.47200000,1757.34500000
1532563200,1532649599,0.47200000,0.48719000,0.46200000,0.47819000,1682.90300000
1532649600,1532735999,0.47890000,0.47958000,0.46000000,0.47104000,828.14500000
1532736000,1532822399,0.47250000,0.47799000,0.46550000,0.47714000,665.38300000
1532822400,1532908799,0.47636000,0.48307000,0.46000000,0.46500000,1128.89800000
1532908800,1532995199,0.46750000,0.48575000,0.45000000,0.47173000,1757.90800000
1532995200,1533081599,0.47015000,0.49000000,0.45543000,0.48511000,1467.49300000
1533081600,1533167999,0.48510000,0.48789000,0.46829000,0.47064000,1285.50500000
1533168000,1533254399,0.46891000,0.47500000,0.45000000,0.45282000,1586.91300000
1533254400,1533340799,0.45292000,0.45773000,0.42905000,0.44598000,2427.72000000
1533340800,1533427199,0.44621000,0.45299000,0.42500000,0.42668000,1804.80100000
1533427200,1533513599,0.42816000,0.44575000,0.42420000,0.43947000,1052.30900000
1533513600,1533599999,0.44099000,0.45906000,0.43500000,0.44500000,1797.06200000
1533600000,1533686399,0.44500000,0.48000000,0.44041000,0.46705000,2174.66600000
1533686400,1533772799,0.46698000,0.46969000,0.43683000,0.45153000,1556.00400000
1533772800,1533859199,0.45164000,0.47986000,0.44426000,0.47986000,894.55400000
1533859200,1533945599,0.47986000,0.49000000,0.46000000,0.48271000,899.02600000
1533945600,1534031999,0.48585000,0.50859000,0.48075000,0.48935000,1452.27300000
1534032000,1534118399,0.48937000,0.49939000,0.48318000,0.49237000,443.17900000
1534118400,1534204799,0.49266000,0.52000000,0.48855000,0.50003000,1169.01700000
1534204800,1534291199,0.50021000,0.51827000,0.47461000,0.47944000,2321.48700000
1534291200,1534377599,0.47911000,0.49672000,0.47075000,0.48181000,1288.90600000
1534377600,1534463999,0.48099000,0.49187000,0.47059000,0.48760000,2617.02400000
1534464000,1534550399,0.49089000,0.49300000,0.47072000,0.48347000,1071.49900000
1534550400,1534636799,0.48099000,0.49688000,0.46928000,0.48343000,865.60500000
1534636800,1534723199,0.48343000,0.48682000,0.46743000,0.47436000,729.03800000
1534723200,1534809599,0.47343000,0.48000000,0.46500000,0.47468000,601.74400000
1534809600,1534895999,0.47548000,0.48500000,0.46321000,0.48000000,1302.22400000
1534896000,1534982399,0.47981000,0.48825000,0.46487000,0.47317000,1189.43500000
1534982400,1535068799,0.47293000,0.48534000,0.46773000,0.47919000,807.04500000
1535068800,1535155199,0.47946000,0.50250000,0.47312000,0.50053000,1328.94300000
1535155200,1535241599,0.50060000,0.50802000,0.48901000,0.49917000,529.79900000
1535241600,1535327999,0.49979000,0.50436000,0.49197000,0.49253000,384.78200000
1535328000,1535414399,0.49349000,0.54900000,0.48659000,0.53079000,2675.48300000
1535414400,1535500799,0.52568000,0.53594000,0.51390000,0.52165000,3451.65100000
1535500800,1535587199,0.52162000,0.53411000,0.51681000,0.53128000,1337.84200000
1535587200,1535673599,0.53135000,0.53702000,0.51165000,0.53168000,1419.08800000
1535673600,1535759999,0.53302000,0.53752000,0.51170000,0.52934000,2103.98500000
1535760000,1535846399,0.52916000,0.54633000,0.52469000,0.53574000,1819.97800000
1535846400,1535932799,0.53407000,0.53783000,0.51805000,0.52752000,869.06800000
1535932800,1536019199,0.52654000,0.55000000,0.51826000,0.54180000,1923.45300000
1536019200,1536105599,0.54180000,0.55067000,0.53680000,0.54671000,1690.43000000
1536105600,1536191999,0.54730000,0.57463000,0.54491000,0.57363000,3990.26500000
1536192000,1536278399,0.57172000,0.57800000,0.55000000,0.57047000,3299.72400000
1536278400,1536364799,0.57088000,0.58511000,0.56775000,0.58172000,2104.03400000
1536364800,1536451199,0.58043000,0.62773000,0.57593000,0.61300000,3739.00300000
1536451200,1536537599,0.61168000,0.63045000,0.59986000,0.61354000,5310.37900000
1536537600,1536623999,0.61015000,0.62200000,0.60096000,0.60490000,3520.48600000
1536624000,1536710399,0.60490000,0.61500000,0.59424000,0.60328000,3131.28700000
1536710400,1536796799,0.60330000,0.61900000,0.58925000,0.60616000,3992.45400000
1536796800,1536883199,0.60917000,0.61100000,0.55288000,0.55948000,2799.76700000
1536883200,1536969599,0.55593000,0.57971000,0.54473000,0.56640000,2367.61900000
1536969600,1537055999,0.56667000,0.57500000,0.53807000,0.54093000,830.56800000
1537056000,1537142399,0.54085000,0.56000000,0.53095000,0.54066000,760.20600000
1537142400,1537228799,0.53903000,0.55188000,0.52388000,0.54847000,1455.11300000
1537228800,1537315199,0.54847000,0.56468000,0.52237000,0.53574000,1683.03000000
1537315200,1537401599,0.53610000,0.55439000,0.52592000,0.53852000,753.61900000
1537401600,1537487999,0.54023000,0.56278000,0.52937000,0.53481000,1494.49500000
1537488000,1537574399,0.53494000,0.55046000,0.50634000,0.51254000,1883.11100000
1537574400,1537660799,0.51140000,0.52316000,0.50272000,0.51545000,1065.01000000
1537660800,1537747199,0.51456000,0.56269000,0.51236000,0.53326000,2444.99400000
1537747200,1537833599,0.53326000,0.63273000,0.53000000,0.60454000,5181.03200000
1537833600,1537919999,0.60567000,0.63598000,0.58628000,0.61937000,4377.52500000
1537920000,1538006399,0.61937000,0.65727000,0.60957000,0.61923000,2872.64300000
1538006400,1538092799,0.61920000,0.64908000,0.61307000,0.62250000,1774.59400000
1538092800,1538179199,0.62294000,0.62680000,0.59547000,0.60848000,1844.97000000
1538179200,1538265599,0.61100000,0.61493000,0.56656000,0.57524000,5017.10200000
1538265600,1538351999,0.57573000,0.57751000,0.54793000,0.55996000,1600.92600000
1538352000,1538438399,0.55978000,0.57305000,0.54316000,0.54598000,1602.39300000
1538438400,1538524799,0.54602000,0.55905000,0.54495000,0.55763000,1322.99900000
1538524800,1538611199,0.55840000,0.56598000,0.55038000,0.55349000,1002.76300000
1538611200,1538697599,0.55373000,0.56775000,0.54829000,0.55686000,1300.52500000
1538697600,1538783999,0.55769000,0.59200000,0.55575000,0.55975000,1566.16600000
1538784000,1538870399,0.56079000,0.56424000,0.55192000,0.55510000,418.91100000
1538870400,1538956799,0.55510000,0.56100000,0.55144000,0.55428000,472.78500000
1538956800,1539043199,0.55189000,0.55837000,0.54764000,0.55166000,1298.18400000
1539043200,1539129599,0.55166000,0.56888000,0.55082000,0.55119000,593.61600000
1539129600,1539215999,0.55200000,0.55527000,0.54924000,0.55088000,753.28300000
1539216000,1539302399,0.54932000,0.57911000,0.54924000,0.56904000,1849.57700000
1539302400,1539388799,0.56902000,0.57219000,0.55002000,0.55998000,2311.60400000
1539388800,1539475199,0.55986000,0.56325000,0.55216000,0.55560000,585.22100000
1539475200,1539561599,0.55576000,0.56170000,0.54784000,0.55595000,796.97300000
1539561600,1539647999,0.55611000,0.55900000,0.51301000,0.53513000,3107.48300000
1539648000,1539734399,0.53715000,0.55306000,0.53202000,0.54452000,744.19500000
1539734400,1539820799,0.54757000,0.58234000,0.54104000,0.57291000,2882.45800000
1539820800,1539907199,0.57370000,0.59500000,0.56901000,0.58163000,1746.56100000
1539907200,1539993599,0.58413000,0.59646000,0.57051000,0.59345000,1017.69300000
1539993600,1540079999,0.59345000,0.61651000,0.58567000,0.61292000,1640.37400000
1540080000,1540166399,0.61292000,0.61500000,0.60250000,0.60900000,1346.61300000
1540166400,1540252799,0.60900000,0.61045000,0.59509000,0.60318000,3106.08300000
1540252800,1540339199,0.60294000,0.60630000,0.59079000,0.59300000,961.72300000
1540339200,1540425599,0.59300000,0.61965000,0.59189000,0.61532000,1585.98400000
1540425600,1540511999,0.61533000,0.64266000,0.61395000,0.61533000,1457.46600000
1540512000,1540598399,0.61611000,0.61966000,0.58171000,0.59728000,1464.00200000
1540598400,1540684799,0.59727000,0.60300000,0.58725000,0.58725000,648.80600000
1540684800,1540771199,0.58725000,0.60500000,0.58680000,0.60498000,555.06800000
1540771200,1540857599,0.60498000,0.60843000,0.58214000,0.59460000,1334.79500000
1540857600,1540943999,0.59460000,0.59524000,0.58263000,0.58600000,1715.01200000
1540944000,1541030399,0.58525000,0.58600000,0.58100000,0.58600000,1365.52200000
1541030400,1541116799,0.58599000,0.58745000,0.57879000,0.58611000,1031.69000000
1541116800,1541203199,0.58624000,0.59323000,0.57714000,0.58821000,1119.41600000
1541203200,1541289599,0.58963000,0.59300000,0.58160000,0.58700000,459.28600000
1541289600,1541375999,0.58538000,0.60099000,0.56400000,0.57689000,2135.15500000
1541376000,1541462399,0.57689000,0.59138000,0.56421000,0.58400000,987.33400000
1541462400,1541548799,0.58382000,0.60300000,0.57412000,0.59658000,2623.10500000
1541548800,1541635199,0.59660000,0.60216000,0.57855000,0.59500000,1865.65100000
1541635200,1541721599,0.59500000,0.65598000,0.59100000,0.64793000,3804.66900000
1541721600,1541807999,0.64520000,0.65500000,0.62505000,0.63717000,3799.58200000
1541808000,1541894399,0.63816000,0.65136000,0.61014000,0.61162000,2677.96400000
1541894400,1541980799,0.61253000,0.62315000,0.60587000,0.61364000,1464.36100000
1541980800,1542067199,0.61156000,0.65250000,0.58751000,0.63757000,3157.95100000
1542067200,1542153599,0.63757000,0.65248000,0.61227000,0.61559000,2517.73400000
1542153600,1542239999,0.61557000,0.65000000,0.59274000,0.60784000,2868.88600000
1542240000,1542326399,0.60785000,0.61435000,0.58773000,0.60964000,1486.50300000
1542326400,1542412799,0.61247000,0.62917000,0.60588000,0.62080000,784.68200000
1542412800,1542499199,0.62236000,0.64045000,0.60224000,0.63809000,1200.25800000
1542499200,1542585599,0.64038000,0.66120000,0.62282000,0.63919000,2444.25900000
1542585600,1542671999,0.63881000,0.66900000,0.61862000,0.65895000,3177.93300000
1542672000,1542758399,0.65909000,0.67250000,0.61693000,0.65006000,3735.09200000
1542758400,1542844799,0.64700000,0.65297000,0.61000000,0.62160000,3683.81700000
1542844800,1542931199,0.62429000,0.63714000,0.61199000,0.61928000,1626.22100000
1542931200,1543017599,0.61850000,0.63339000,0.60782000,0.62886000,1903.00400000
1543017600,1543103999,0.63122000,0.63265000,0.57177000,0.59169000,3029.98900000
1543104000,1543190399,0.59406000,0.61167000,0.57626000,0.60008000,2929.64400000
1543190400,1543276799,0.59919000,0.63100000,0.58766000,0.61052000,3197.68000000
1543276800,1543363199,0.60873000,0.67376000,0.60306000,0.66491000,5774.74500000
1543363200,1543449599,0.66337000,0.71385000,0.62923000,0.64959000,7767.63100000
1543449600,1543535999,0.65310000,0.81000000,0.64507000,0.74823000,14468.03800000
1543536000,1543622399,0.74817000,0.76314000,0.68480000,0.71312000,8831.42100000
1543622400,1543708799,0.71733000,0.72000000,0.67394000,0.67740000,2440.10000000
1543708800,1543795199,0.67721000,0.69846000,0.66215000,0.67990000,1419.95700000
1543795200,1543881599,0.68195000,0.68754000,0.64427000,0.65003000,2852.67900000
1543881600,1543967999,0.65057000,0.69688000,0.64798000,0.67724000,2986.93400000
1543968000,1544054399,0.67726000,0.71365000,0.62894000,0.64657000,8495.66900000
1544054400,1544140799,0.64768000,0.67544000,0.62501000,0.63831000,5252.23700000
1544140800,1544227199,0.63611000,0.64500000,0.58820000,0.63168000,6603.11200000
1544227200,1544313599,0.63461000,0.65094000,0.61298000,0.61954000,2424.34300000
1544313600,1544399999,0.61946000,0.65340000,0.61636000,0.64000000,2434.17900000
1544400000,1544486399,0.64000000,0.64466000,0.61448000,0.61678000,3380.55900000
1544486400,1544572799,0.61746000,0.62500000,0.60228000,0.60912000,2179.41300000
1544572800,1544659199,0.61024000,0.62780000,0.60479000,0.61063000,2344.32200000
1544659200,1544745599,0.61063000,0.61063000,0.59011000,0.59745000,2198.23700000
1544745600,1544831999,0.59835000,0.60149000,0.58112000,0.58337000,1298.69200000
1544832000,1544918399,0.58440000,0.59732000,0.58156000,0.59368000,1153.58700000
1544918400,1545004799,0.58934000,0.61490000,0.58371000,0.60099000,3194.46200000
1545004800,1545091199,0.59775000,0.61474000,0.58829000,0.59405000,2288.21000000
1545091200,1545177599,0.59322000,0.59556000,0.57362000,0.57473000,2639.89900000
1545177600,1545263999,0.57387000,0.59000000,0.55600000,0.56624000,8194.04000000
1545264000,1545350399,0.56574000,0.57730000,0.53894000,0.56730000,2629.19400000
1545350400,1545436799,0.56532000,0.56944000,0.53717000,0.56455000,2258.10300000
1545436800,1545523199,0.56455000,0.56914000,0.53371000,0.53883000,1320.98500000
1545523200,1545609599,0.53883000,0.53883000,0.49150000,0.49671000,2476.30200000
1545609600,1545695999,0.49660000,0.49800000,0.45010000,0.48317000,3916.27000000
1545696000,1545782399,0.48329000,0.49719000,0.46074000,0.47021000,1768.08000000
1545782400,1545868799,0.47163000,0.47163000,0.45626000,0.46045000,1173.69100000
1545868800,1545955199,0.46295000,0.49198000,0.46046000,0.47752000,2264.12400000
1545955200,1546041599,0.48206000,0.49100000,0.45002000,0.45410000,2404.94700000
1546041600,1546127999,0.45092000,0.45780000,0.42095000,0.43652000,2148.64700000
1546128000,1546214399,0.43522000,0.44773000,0.42375000,0.42485000,1410.92200000
1546214400,1546300799,0.42550000,0.43322000,0.42000000,0.42254000,1416.70000000
1546300800,1546387199,0.42249000,0.42631000,0.41035000,0.42164000,1125.34400000
1546387200,1546473599,0.41999000,0.42217000,0.39033000,0.39520000,8036.13100000
1546473600,1546559999,0.39526000,0.39872000,0.38701000,0.39362000,1929.22700000
1546560000,1546646399,0.39362000,0.39504000,0.37180000,0.37734000,1286.13400000
1546646400,1546732799,0.37700000,0.38328000,0.36870000,0.37060000,2779.32600000
1546732800,1546819199,0.37174000,0.39627000,0.36947000,0.39048000,1808.38300000
1546819200,1546905599,0.39055000,0.40167000,0.39033000,0.39910000,1224.79500000
1546905600,1546991999,0.39896000,0.40976000,0.39656000,0.40124000,1674.66800000
1546992000,1547078399,0.40172000,0.40571000,0.39563000,0.40186000,2417.75400000
1547078400,1547164799,0.40186000,0.43187000,0.40070000,0.42763000,3648.25400000
1547164800,1547251199,0.42763000,0.46748000,0.42411000,0.44160000,11641.65100000
1547251200,1547337599,0.44061000,0.45032000,0.42834000,0.44303000,2084.38000000
1547337600,1547423999,0.44343000,0.46406000,0.36800000,0.45363000,2578.04900000
1547424000,1547510399,0.45429000,0.46245000,0.42993000,0.43262000,1260.46200000
1547510400,1547596799,0.43234000,0.45183000,0.42100000,0.44154000,1543.45700000
1547596800,1547683199,0.44181000,0.45125000,0.42686000,0.43079000,2100.10700000
1547683200,1547769599,0.43080000,0.44709000,0.42759000,0.43912000,1543.04500000
1547769600,1547855999,0.43907000,0.44315000,0.43503000,0.44045000,785.40000000
1547856000,1547942399,0.44045000,0.44173000,0.43202000,0.43543000,1129.86100000
1547942400,1548028799,0.43454000,0.44559000,0.43000000,0.44415000,2380.34800000
1548028800,1548115199,0.44415000,0.45057000,0.44114000,0.44743000,1126.59100000
1548115200,1548201599,0.44637000,0.45047000,0.44114000,0.44262000,962.81300000
1548201600,1548287999,0.44261000,0.44769000,0.44056000,0.44529000,1467.47700000
1548288000,1548374399,0.44504000,0.46220000,0.44265000,0.45711000,1319.97700000
1548374400,1548460799,0.45642000,0.45773000,0.44707000,0.45179000,958.28600000
1548460800,1548547199,0.45173000,0.45359000,0.44675000,0.44893000,499.90700000
1548547200,1548633599,0.44985000,0.45450000,0.44847000,0.45358000,1057.41200000
1548633600,1548719999,0.45345000,0.48384000,0.45160000,0.46382000,3551.03200000
1548720000,1548806399,0.46436000,0.46555000,0.45579000,0.46130000,1041.45300000
1548806400,1548892799,0.46245000,0.46750000,0.45312000,0.45690000,1261.22900000
1548892800,1548979199,0.45678000,0.46463000,0.45168000,0.45946000,715.14200000
1548979200,1549065599,0.45878000,0.46345000,0.44951000,0.45371000,967.65500000
1549065600,1549151999,0.45372000,0.45550000,0.44389000,0.44469000,827.91400000
1549152000,1549238399,0.44380000,0.45733000,0.44380000,0.45076000,645.46800000
1549238400,1549324799,0.45059000,0.45118000,0.44400000,0.45040000,761.75200000
1549324800,1549411199,0.44936000,0.45156000,0.44630000,0.44787000,4657.00100000
1549411200,1549497599,0.44786000,0.45763000,0.43975000,0.44258000,1454.77700000
1549497600,1549583999,0.44327000,0.45214000,0.44015000,0.44700000,839.35300000
1549584000,1549670399,0.44697000,0.44850000,0.41509000,0.41700000,4253.83600000
1549670400,1549756799,0.41650000,0.42541000,0.41378000,0.41843000,2001.31500000
1549756800,1549843199,0.41842000,0.42607000,0.40050000,0.40131000,1543.10400000
1549843200,1549929599,0.40192000,0.42610000,0.40179000,0.42473000,5770.53900000
1549929600,1550015999,0.42450000,0.44673000,0.42319000,0.43658000,2365.17700000
1550016000,1550102399,0.43786000,0.45304000,0.43073000,0.43244000,1759.01900000
1550102400,1550188799,0.43214000,0.43214000,0.42222000,0.42587000,833.02000000
1550188800,1550275199,0.42559000,0.42867000,0.41400000,0.41566000,1735.47900000
1550275200,1550361599,0.41565000,0.41860000,0.41200000,0.41860000,649.90800000
1550361600,1550447999,0.41810000,0.41874000,0.38200000,0.38829000,1976.54600000
1550448000,1550534399,0.38829000,0.39052000,0.36900000,0.37376000,5860.12200000
1550534400,1550620799,0.37409000,0.38221000,0.36900000,0.37822000,3169.08200000
1550620800,1550707199,0.37610000,0.38054000,0.36561000,0.36665000,3665.57700000
1550707200,1550793599,0.36676000,0.40856000,0.36400000,0.36400000,3829.99200000
1550793600,1550879999,0.36400000,0.37265000,0.36200000,0.36292000,1773.39800000
1550880000,1550966399,0.36292000,0.36582000,0.35347000,0.35698000,7814.60700000
1550966400,1551052799,0.35763000,0.38672000,0.35247000,0.38519000,14419.49800000
1551052800,1551139199,0.38522000,0.38732000,0.36898000,0.37739000,3011.96800000
1551139200,1551225599,0.37748000,0.38613000,0.37500000,0.38155000,1171.01200000
1551225600,1551311999,0.38155000,0.39569000,0.37290000,0.38498000,1612.03600000
1551312000,1551398399,0.38498000,0.38900000,0.36278000,0.37751000,2145.95100000
1551398400,1551484799,0.37735000,0.38279000,0.37529000,0.38210000,806.72300000
1551484800,1551571199,0.38211000,0.38843000,0.37844000,0.38622000,910.78600000
1551571200,1551657599,0.38525000,0.38801000,0.38049000,0.38320000,905.84200000
1551657600,1551743999,0.38493000,0.38916000,0.38049000,0.38464000,5934.64700000
1551744000,1551830399,0.38320000,0.38839000,0.36600000,0.36687000,8018.54600000
1551830400,1551916799,0.36752000,0.37010000,0.35976000,0.36404000,1834.33800000
1551916800,1552003199,0.36296000,0.36813000,0.35921000,0.36530000,1364.92200000
1552003200,1552089599,0.36466000,0.36975000,0.35753000,0.36825000,2925.57300000
1552089600,1552175999,0.36739000,0.37450000,0.36001000,0.37450000,2176.36200000
1552176000,1552262399,0.37394000,0.37450000,0.36761000,0.37166000,1854.05700000
1552262400,1552348799,0.37143000,0.37719000,0.36908000,0.37198000,1740.52800000
1552348800,1552435199,0.37114000,0.39800000,0.36870000,0.39740000,3530.84500000
1552435200,1552521599,0.39685000,0.39884000,0.38422000,0.38610000,2359.49000000
1552521600,1552607999,0.38610000,0.39366000,0.38275000,0.39239000,2696.30900000
1552608000,1552694399,0.39239000,0.39647000,0.38588000,0.38894000,929.55000000
1552694400,1552780799,0.38841000,0.38936000,0.38000000,0.38440000,4412.18800000
1552780800,1552867199,0.38552000,0.39343000,0.38179000,0.38548000,1008.26700000
1552867200,1552953599,0.38679000,0.39647000,0.38508000,0.39045000,1613.85300000
1552953600,1553039999,0.39142000,0.40899000,0.38898000,0.40663000,3500.31300000
1553040000,1553126399,0.40683000,0.45000000,0.40050000,0.42200000,11069.28600000
1553126400,1553212799,0.42085000,0.42172000,0.40329000,0.40958000,4583.53800000
1553212800,1553299199,0.41069000,0.41478000,0.40164000,0.40558000,2465.13400000
1553299200,1553385599,0.40563000,0.41403000,0.40320000,0.41302000,1593.32200000
1553385600,1553471999,0.41290000,0.42799000,0.41290000,0.42033000,1780.57100000
1553472000,1553558399,0.41987000,0.42026000,0.40785000,0.41253000,1105.09900000
1553558400,1553644799,0.41253000,0.41400000,0.39805000,0.40584000,1560.21700000
1553644800,1553731199,0.40600000,0.41328000,0.39783000,0.40804000,2789.47700000
1553731200,1553817599,0.40791000,0.40957000,0.39991000,0.40890000,1338.48700000
1553817600,1553903999,0.40788000,0.41200000,0.39566000,0.39842000,1772.84200000
1553904000,1553990399,0.39878000,0.40299000,0.39165000,0.40028000,1633.32400000
1553990400,1554076799,0.40024000,0.41856000,0.39900000,0.41502000,2469.51000000
1554076800,1554163199,0.41502000,0.44995000,0.41350000,0.44318000,12264.25600000
1554163200,1554249599,0.44318000,0.45100000,0.42093000,0.42518000,7796.42800000
1554249600,1554335999,0.42455000,0.44477000,0.41969000,0.42837000,18185.14100000
1554336000,1554422399,0.43097000,0.43591000,0.41553000,0.42500000,3774.43700000
1554422400,1554508799,0.42618000,0.44325000,0.41929000,0.43667000,4037.89700000
1554508800,1554595199,0.43515000,0.44000000,0.42273000,0.43077000,2272.89800000
1554595200,1554681599,0.42926000,0.44250000,0.42270000,0.42501000,3227.62500000
1554681600,1554767999,0.42535000,0.42535000,0.39580000,0.40417000,4597.82700000
1554768000,1554854399,0.40417000,0.40766000,0.39506000,0.40288000,2886.68700000
1554854400,1554940799,0.40295000,0.41300000,0.39489000,0.40732000,2676.54500000
1554940800,1555027199,0.40750000,0.42501000,0.39410000,0.42430000,4168.60200000
1555027200,1555113599,0.42421000,0.43600000,0.41801000,0.43561000,9872.45700000
1555113600,1555199999,0.43368000,0.43411000,0.42237000,0.42452000,1405.18200000
1555200000,1555286399,0.42329000,0.42464000,0.41444000,0.41625000,1073.94300000
1555286400,1555372799,0.41592000,0.42400000,0.41207000,0.42165000,1256.05000000
1555372800,1555459199,0.42177000,0.42221000,0.41145000,0.41640000,1063.62200000
1555459200,1555545599,0.41592000,0.42899000,0.41011000,0.42449000,1651.23200000
1555545600,1555631999,0.42411000,0.42411000,0.40506000,0.40582000,1331.50100000
1555632000,1555718399,0.40581000,0.41232000,0.40123000,0.40237000,1257.29500000
1555718400,1555804799,0.40138000,0.40273000,0.39553000,0.40085000,1300.29000000
1555804800,1555891199,0.40077000,0.40629000,0.39519000,0.40346000,1902.93500000
1555891200,1555977599,0.40346000,0.40879000,0.39368000,0.40317000,1920.59700000
1555977600,1556063999,0.40403000,0.40800000,0.39317000,0.39317000,3386.60500000
1556064000,1556150399,0.39399000,0.40096000,0.38760000,0.39600000,8934.97000000
1556150400,1556236799,0.39608000,0.40372000,0.39266000,0.39945000,2660.14300000
1556236800,1556323199,0.39912000,0.40927000,0.37911000,0.39182000,7016.66100000
1556323200,1556409599,0.39140000,0.39802000,0.38273000,0.38613000,2687.22300000
1556409600,1556495999,0.38614000,0.39126000,0.38156000,0.38374000,1460.70300000
1556496000,1556582399,0.38263000,0.38512000,0.37250000,0.37304000,1406.70000000
1556582400,1556668799,0.37270000,0.37766000,0.36500000,0.37420000,3935.26100000
1556668800,1556755199,0.37420000,0.38236000,0.37302000,0.38038000,2807.60700000
1556755200,1556841599,0.38038000,0.38129000,0.36935000,0.37129000,4430.79100000
1556841600,1556927999,0.37073000,0.37817000,0.36400000,0.37417000,1388.56200000
1556928000,1557014399,0.37417000,0.38080000,0.36667000,0.37299000,1138.08600000
1557014400,1557100799,0.37160000,0.37432000,0.36395000,0.36729000,718.66300000
1557100800,1557187199,0.36703000,0.37642000,0.34289000,0.34729000,3250.12800000
1557187200,1557273599,0.34762000,0.34767000,0.33500000,0.34153000,1940.76400000
1557273600,1557359999,0.34186000,0.34464000,0.33641000,0.33965000,1525.29200000
1557360000,1557446399,0.34153000,0.34196000,0.32879000,0.33112000,2034.01200000
1557446400,1557532799,0.33042000,0.33540000,0.32610000,0.33283000,1601.41600000
1557532800,1557619199,0.33281000,0.33318000,0.31262000,0.33187000,2059.62000000
1557619200,1557705599,0.32853000,0.33059000,0.31787000,0.32301000,2924.69400000
1557705600,1557791999,0.32201000,0.32920000,0.31518000,0.32311000,2088.00900000
1557792000,1557878399,0.32395000,0.32950000,0.30301000,0.31181000,3416.89200000
1557878400,1557964799,0.31199000,0.32116000,0.30298000,0.30975000,4292.79300000
1557964800,1558051199,0.30947000,0.31074000,0.28145000,0.28349000,10116.30900000
1558051200,1558137599,0.28396000,0.31539000,0.28086000,0.30017000,11185.69100000
1558137600,1558223999,0.29927000,0.30995000,0.29800000,0.30807000,4416.90600000
1558224000,1558310399,0.30841000,0.30981000,0.29506000,0.29967000,10160.59900000
1558310400,1558396799,0.30002000,0.31187000,0.29987000,0.30397000,6867.06700000
1558396800,1558483199,0.30217000,0.30275000,0.28785000,0.29409000,8165.09700000
1558483200,1558569599,0.29407000,0.29449000,0.28502000,0.28645000,2902.34300000
1558569600,1558655999,0.28636000,0.29797000,0.28502000,0.29414000,1758.57400000
1558656000,1558742399,0.29441000,0.29716000,0.29027000,0.29113000,1348.50200000
1558742400,1558828799,0.29113000,0.29251000,0.28548000,0.28771000,1476.17600000
1558828800,1558915199,0.28791000,0.29168000,0.27931000,0.28519000,2497.30900000
1558915200,1559001599,0.28409000,0.28768000,0.27814000,0.28171000,2979.94200000
1559001600,1559087999,0.28271000,0.32895000,0.28160000,0.31389000,7505.96500000
1559088000,1559174399,0.31374000,0.32681000,0.30075000,0.31580000,4440.13400000
1559174400,1559260799,0.31577000,0.34426000,0.30013000,0.32592000,7671.53600000
1559260800,1559347199,0.32554000,0.34634000,0.32308000,0.33599000,3952.19600000
1559347200,1559433599,0.33599000,0.34173000,0.32000000,0.32656000,2905.34500000
1559433600,1559519999,0.32693000,0.33238000,0.31969000,0.32981000,1950.50600000
1559520000,1559606399,0.32981000,0.33722000,0.32346000,0.33345000,3419.32900000
1559606400,1559692799,0.33518000,0.34924000,0.32096000,0.32161000,3117.48000000
1559692800,1559779199,0.32255000,0.32805000,0.31764000,0.32756000,1343.97500000
1559779200,1559865599,0.32806000,0.32988000,0.31957000,0.32116000,1237.89500000
1559865600,1559951999,0.31979000,0.33749000,0.31946000,0.33516000,1764.57700000
1559952000,1560038399,0.33515000,0.34113000,0.32867000,0.33107000,1071.37200000
1560038400,1560124799,0.32977000,0.33915000,0.32627000,0.33394000,2581.41000000
1560124800,1560211199,0.33521000,0.33611000,0.32294000,0.32367000,1444.50400000
1560211200,1560297599,0.32320000,0.32927000,0.31854000,0.32597000,2100.45100000
1560297600,1560383999,0.32537000,0.35786000,0.32437000,0.34951000,5489.26800000
1560384000,1560470399,0.34944000,0.35147000,0.33384000,0.34446000,3353.31100000
1560470400,1560556799,0.34363000,0.37546000,0.34080000,0.34629000,12292.67100000
1560556800,1560643199,0.34625000,0.35637000,0.34203000,0.34422000,8712.24400000
1560643200,1560729599,0.34484000,0.35382000,0.33690000,0.34926000,2597.16700000
1560729600,1560815999,0.34946000,0.38500000,0.34868000,0.37481000,7699.54400000
1560816000,1560902399,0.37370000,0.42847000,0.37366000,0.42272000,12695.31900000
1560902400,1560988799,0.42388000,0.43363000,0.40090000,0.41203000,6530.93100000
1560988800,1561075199,0.41269000,0.41441000,0.39611000,0.40344000,2690.85100000
1561075200,1561161599,0.40339000,0.41850000,0.36969000,0.37230000,5326.68500000
1561161600,1561247999,0.37317000,0.37622000,0.36211000,0.36503000,3132.08900000
1561248000,1561334399,0.36570000,0.36910000,0.34898000,0.35751000,3288.97900000
1561334400,1561420799,0.35764000,0.36262000,0.34288000,0.34982000,2420.43900000
1561420800,1561507199,0.35109000,0.35169000,0.32895000,0.33172000,2996.66500000
1561507200,1561593599,0.33277000,0.36122000,0.31079000,0.33479000,14311.21600000
1561593600,1561679999,0.33688000,0.35926000,0.32102000,0.35883000,6889.06600000
1561680000,1561766399,0.35804000,0.37989000,0.35636000,0.36126000,6683.96100000
1561766400,1561852799,0.36126000,0.37194000,0.35153000,0.35825000,3498.25600000
1561852800,1561939199,0.35598000,0.36343000,0.34970000,0.35354000,2514.73600000
1561939200,1562025599,0.35348000,0.36317000,0.34302000,0.35219000,2607.23600000
1562025600,1562111999,0.35289000,0.35734000,0.34639000,0.34969000,1744.72800000
1562112000,1562198399,0.35000000,0.35765000,0.34746000,0.35117000,1974.06600000
1562198400,1562284799,0.35037000,0.35802000,0.34519000,0.35646000,1582.30400000
1562284800,1562371199,0.35642000,0.35953000,0.34079000,0.34741000,1530.44700000
1562371200,1562457599,0.34910000,0.36595000,0.34448000,0.35991000,1852.08000000
1562457600,1562543999,0.36062000,0.36222000,0.34138000,0.34916000,1627.01000000
1562544000,1562630399,0.34785000,0.35060000,0.33597000,0.33597000,1727.89600000
1562630400,1562716799,0.33591000,0.33972000,0.32201000,0.32811000,3216.32500000
1562716800,1562803199,0.32757000,0.34426000,0.32133000,0.33527000,5377.96200000
1562803200,1562889599,0.33614000,0.34234000,0.32309000,0.32799000,2960.60400000
1562889600,1562975999,0.32652000,0.33892000,0.32023000,0.33891000,1757.66100000
1562976000,1563062399,0.33892000,0.34115000,0.32607000,0.33354000,1955.87500000
1563062400,1563148799,0.33359000,0.36412000,0.32926000,0.36412000,3660.90100000
1563148800,1563235199,0.36330000,0.37710000,0.33701000,0.35188000,5809.90700000
1563235200,1563321599,0.35017000,0.35722000,0.33185000,0.33660000,4423.12000000
1563321600,1563407999,0.33741000,0.35806000,0.33585000,0.34954000,3158.91100000
1563408000,1563494399,0.34993000,0.36202000,0.34486000,0.35088000,2699.92100000
1563494400,1563580799,0.35050000,0.35812000,0.33277000,0.34248000,2581.47500000
1563580800,1563667199,0.34269000,0.34324000,0.33456000,0.34022000,1851.53200000
1563667200,1563753599,0.34072000,0.34404000,0.33255000,0.33419000,2201.72600000
1563753600,1563839999,0.33461000,0.33794000,0.33192000,0.33584000,1544.68900000
1563840000,1563926399,0.33602000,0.33945000,0.32686000,0.33354000,1925.59500000
1563926400,1564012799,0.33199000,0.34158000,0.32353000,0.32725000,1456.74200000
1564012800,1564099199,0.32718000,0.32736000,0.31858000,0.31864000,1552.63600000
1564099200,1564185599,0.31986000,0.33367000,0.31967000,0.32512000,853.15300000
1564185600,1564271999,0.32555000,0.33702000,0.32501000,0.33307000,1659.64000000
1564272000,1564358399,0.33307000,0.33319000,0.32238000,0.32545000,548.75200000
1564358400,1564444799,0.32647000,0.32817000,0.31757000,0.32009000,1416.29800000
1564444800,1564531199,0.31962000,0.32368000,0.31473000,0.31804000,1165.33700000
1564531200,1564617599,0.31804000,0.31806000,0.30968000,0.31158000,1253.07300000
1564617600,1564703999,0.31158000,0.31790000,0.31000000,0.31147000,1442.61200000
1564704000,1564790399,0.31205000,0.31292000,0.30407000,0.30632000,2166.01900000
1564790400,1564876799,0.30570000,0.30657000,0.29043000,0.29384000,4209.60800000
1564876800,1564963199,0.29354000,0.29999000,0.28940000,0.29638000,1654.39100000
1564963200,1565049599,0.29545000,0.29709000,0.28475000,0.28630000,3049.26900000
1565049600,1565135999,0.28640000,0.29166000,0.27327000,0.27598000,4501.82900000
1565136000,1565222399,0.27632000,0.28024000,0.26862000,0.27586000,4290.71900000
1565222400,1565308799,0.27576000,0.29736000,0.27035000,0.28222000,6684.48000000
1565308800,1565395199,0.28205000,0.28540000,0.27588000,0.27887000,2408.09700000
1565395200,1565481599,0.27830000,0.28134000,0.27022000,0.27457000,2082.75200000
1565481600,1565567999,0.27522000,0.28382000,0.27035000,0.27742000,2575.28500000
1565568000,1565654399,0.27749000,0.27920000,0.26800000,0.26832000,1310.94700000
1565654400,1565740799,0.26889000,0.27206000,0.26388000,0.26481000,1267.59700000
1565740800,1565827199,0.26571000,0.28379000,0.26083000,0.27191000,5627.09500000
1565827200,1565913599,0.27255000,0.27603000,0.26340000,0.26959000,3079.49500000
1565913600,1565999999,0.26920000,0.27230000,0.26319000,0.26432000,1918.40800000
1566000000,1566086399,0.26489000,0.27027000,0.25840000,0.26976000,2048.78700000
1566086400,1566172799,0.26989000,0.27948000,0.26856000,0.27172000,1922.28500000
1566172800,1566259199,0.27152000,0.27221000,0.26446000,0.26816000,1210.29700000
1566259200,1566345599,0.26744000,0.26904000,0.26349000,0.26475000,714.49800000
1566345600,1566431999,0.26500000,0.27062000,0.25953000,0.26604000,1715.07400000
1566432000,1566518399,0.26612000,0.26802000,0.26022000,0.26624000,1497.96900000
1566518400,1566604799,0.26646000,0.26712000,0.26105000,0.26251000,1686.08000000
1566604800,1566691199,0.26260000,0.26700000,0.26044000,0.26234000,1233.36900000
1566691200,1566777599,0.26370000,0.27141000,0.26370000,0.26802000,928.34100000
1566777600,1566863999,0.26976000,0.28062000,0.26442000,0.27267000,2830.85800000
1566864000,1566950399,0.27329000,0.27339000,0.26600000,0.26909000,901.98900000
1566950400,1567036799,0.27019000,0.27614000,0.26483000,0.26944000,1892.47400000
1567036800,1567123199,0.26929000,0.27149000,0.26400000,0.26565000,3132.12400000
1567123200,1567209599,0.26529000,0.26705000,0.26044000,0.26536000,1902.85400000
1567209600,1567295999,0.26478000,0.26803000,0.25769000,0.25970000,891.33200000
1567296000,1567382399,0.26038000,0.26573000,0.25906000,0.26512000,860.90300000
1567382400,1567468799,0.26512000,0.26611000,0.25906000,0.26255000,1552.68800000
1567468800,1567555199,0.26316000,0.26316000,0.25273000,0.25508000,1716.15700000
1567555200,1567641599,0.25541000,0.25750000,0.25240000,0.25560000,2550.72800000
1567641600,1567727999,0.25672000,0.26417000,0.25600000,0.25827000,2824.55800000
1567728000,1567814399,0.25827000,0.27824000,0.25459000,0.27104000,4119.74900000
1567814400,1567900799,0.27097000,0.27186000,0.25808000,0.26445000,2722.16800000
1567900800,1567987199,0.26316000,0.26860000,0.26099000,0.26603000,959.46200000
1567987200,1568073599,0.26667000,0.26759000,0.25498000,0.26099000,2417.89800000
1568073600,1568159999,0.25970000,0.25981000,0.24970000,0.24971000,1164.71200000
1568160000,1568246399,0.24947000,0.25351000,0.24774000,0.24957000,747.89400000
1568246400,1568332799,0.24957000,0.24957000,0.24383000,0.24647000,663.37400000
1568332800,1568419199,0.24627000,0.24841000,0.24439000,0.24675000,824.67600000
1568419200,1568505599,0.24635000,0.25080000,0.24410000,0.24575000,6443.47800000
1568505600,1568591999,0.24525000,0.25385000,0.24299000,0.24688000,3874.87700000
1568592000,1568678399,0.24635000,0.25647000,0.24192000,0.24610000,2177.88900000
1568678400,1568764799,0.24610000,0.24802000,0.23825000,0.24483000,1940.81900000
1568764800,1568851199,0.24350000,0.25098000,0.23514000,0.25098000,3099.50500000
1568851200,1568937599,0.25098000,0.25300000,0.22337000,0.23166000,3688.77200000
1568937600,1569023999,0.23156000,0.23209000,0.22327000,0.22399000,1879.28600000
1569024000,1569110399,0.22330000,0.22555000,0.22000000,0.22200000,1726.10100000
1569110400,1569196799,0.22200000,0.22348000,0.21750000,0.21856000,1433.45700000
1569196800,1569283199,0.21872000,0.22081000,0.21415000,0.21977000,1566.11800000
1569283200,1569369599,0.22014000,0.23812000,0.19117000,0.21608000,8818.52400000
1569369600,1569455999,0.21700000,0.22713000,0.20332000,0.22273000,9286.20600000
1569456000,1569542399,0.22325000,0.23111000,0.20894000,0.21050000,3653.25400000
1569542400,1569628799,0.21166000,0.22291000,0.20907000,0.21556000,4458.13200000
1569628800,1569715199,0.21576000,0.23600000,0.21238000,0.23254000,6526.41700000
1569715200,1569801599,0.23267000,0.23277000,0.21839000,0.22215000,1766.75500000
1569801600,1569887999,0.22181000,0.22570000,0.21352000,0.21450000,3953.40000000
1569888000,1569974399,0.21408000,0.21819000,0.21143000,0.21692000,1145.81100000
1569974400,1570060799,0.21721000,0.21795000,0.20996000,0.21140000,1409.23000000
1570060800,1570147199,0.21171000,0.21560000,0.21076000,0.21371000,1422.50100000
1570147200,1570233599,0.21339000,0.21340000,0.20955000,0.21075000,1188.57200000
1570233600,1570319999,0.21139000,0.21215000,0.20824000,0.20906000,548.79700000
1570320000,1570406399,0.20925000,0.21188000,0.20703000,0.20910000,1565.71000000
1570406400,1570492799,0.20909000,0.21500000,0.20634000,0.20788000,2565.23100000
1570492800,1570579199,0.20768000,0.20841000,0.20127000,0.20208000,1358.51300000
1570579200,1570665599,0.20203000,0.20313000,0.19500000,0.19722000,2219.76500000
1570665600,1570751999,0.19722000,0.19977000,0.19457000,0.19629000,1213.42200000
1570752000,1570838399,0.19598000,0.20194000,0.19391000,0.19977000,3440.74800000
